TF gene ID,level in GCN
Zm00001d010987, 12
Zm00001d024468, 9
Zm00001d020540, 14
Zm00001d028919, 3
Zm00001d002025, 3
Zm00001d027878, 8
Zm00001d034204, 12
Zm00001d007840, 4
Zm00001d018731, 13
Zm00001d048004, 11
Zm00001d034629, 13
Zm00001d026448, 13
Zm00001d002075, 12
Zm00001d035512, 12
Zm00001d046621, 13
Zm00001d042492, 10
Zm00001d046913, 9
Zm00001d011134, 5
Zm00001d017284, 13
Zm00001d003601, 9
Zm00001d050781, 8
Zm00001d051172, 12
Zm00001d014507, 13
Zm00001d000358, 14
Zm00001d031522, 6
Zm00001d015243, 11
Zm00001d023659, 2
Zm00001d041056, 1
Zm00001d042267, 8
Zm00001d011953, 10
Zm00001d031064, 12
Zm00001d026590, 10
Zm00001d041497, 12
Zm00001d053819, 3
Zm00001d036593, 13
Zm00001d045026, 7
Zm00001d001879, 11
Zm00001d043431, 13
Zm00001d043922, 13
Zm00001d038698, 9
Zm00001d039006, 11
Zm00001d012731, 12
Zm00001d026540, 13
Zm00001d001945, 13
Zm00001d042463, 12
Zm00001d015521, 6
Zm00001d028265, 11
Zm00001d048046, 11
Zm00001d030907, 2
Zm00001d033313, 3
Zm00001d024321, 13
Zm00001d007173, 15
Zm00001d042396, 3
Zm00001d049094, 13
Zm00001d051471, 12
Zm00001d017618, 11
Zm00001d035921, 2
Zm00001d011745, 14
Zm00001d027939, 14
Zm00001d023446, 11
Zm00001d044355, 3
Zm00001d049369, 7
Zm00001d052591, 12
Zm00001d038504, 13
Zm00001d048244, 14
Zm00001d034965, 13
Zm00001d027409, 12
Zm00001d026005, 13
Zm00001d002562, 11
Zm00001d047359, 13
Zm00001d029749, 13
Zm00001d031572, 5
Zm00001d049800, 6
Zm00001d045477, 3
Zm00001d033903, 7
Zm00001d024229, 9
Zm00001d026358, 9
Zm00001d039328, 3
Zm00001d049450, 10
Zm00001d013336, 10
Zm00001d022534, 3
Zm00001d047922, 15
Zm00001d006552, 3
Zm00001d017846, 12
Zm00001d053975, 2
Zm00001d019757, 14
Zm00001d006677, 13
Zm00001d039439, 10
Zm00001d021927, 13
Zm00001d031665, 13
Zm00001d032132, 13
Zm00001d026317, 8
Zm00001d002121, 13
Zm00001d005919, 13
Zm00001d039271, 3
Zm00001d040148, 15
Zm00001d016873, 3
Zm00001d035027, 7
Zm00001d036382, 13
Zm00001d037098, 3
Zm00001d020763, 13
Zm00001d020932, 4
Zm00001d021086, 13
Zm00001d044839, 13
Zm00001d047216, 11
Zm00001d000291, 12
Zm00001d000236, 13
Zm00001d027419, 13
Zm00001d027859, 14
Zm00001d027987, 6
Zm00001d028504, 13
Zm00001d029339, 3
Zm00001d031441, 4
Zm00001d031561, 14
Zm00001d032213, 13
Zm00001d033412, 13
Zm00001d033848, 15
Zm00001d033870, 13
Zm00001d033957, 13
Zm00001d034091, 3
Zm00001d034596, 13
Zm00001d025141, 6
Zm00001d025727, 2
Zm00001d026120, 13
Zm00001d005740, 13
Zm00001d005939, 13
Zm00001d006022, 4
Zm00001d006065, 4
Zm00001d006110, 10
Zm00001d006578, 6
Zm00001d040186, 12
Zm00001d042482, 14
Zm00001d043248, 14
Zm00001d043699, 14
Zm00001d043706, 14
Zm00001d044216, 8
Zm00001d044242, 13
Zm00001d048786, 3
Zm00001d049870, 12
Zm00001d050394, 13
Zm00001d051509, 12
Zm00001d052038, 14
Zm00001d013232, 4
Zm00001d013357, 12
Zm00001d017138, 13
Zm00001d017559, 13
Zm00001d017908, 15
Zm00001d018119, 14
Zm00001d018374, 14
Zm00001d036807, 15
Zm00001d037528, 13
Zm00001d038863, 6
Zm00001d020490, 13
Zm00001d020826, 13
Zm00001d021019, 4
Zm00001d021164, 14
Zm00001d021748, 3
Zm00001d008444, 15
Zm00001d011187, 3
Zm00001d012067, 11
Zm00001d045046, 4
Zm00001d046759, 2
Zm00001d047878, 13
Zm00001d047999, 14
Zm00001d048309, 12
Zm00001d030028, 5
Zm00001d047017, 11
Zm00001d017677, 12
Zm00001d027546, 12
Zm00001d014814, 11
Zm00001d031818, 14
Zm00001d005969, 10
Zm00001d017778, 14
Zm00001d007382, 14
Zm00001d049294, 15
Zm00001d024679, 14
Zm00001d054038, 4
Zm00001d014995, 3
Zm00001d021701, 15
Zm00001d027855, 14
Zm00001d041926, 3
Zm00001d053150, 13
Zm00001d009778, 14
Zm00001d033407, 14
Zm00001d024783, 12
Zm00001d008205, 14
Zm00001d033267, 4
Zm00001d013130, 3
Zm00001d053391, 14
Zm00001d016095, 15
Zm00001d046096, 13
Zm00001d018416, 3
Zm00001d045212, 7
Zm00001d018967, 5
Zm00001d034199, 2
Zm00001d034447, 4
Zm00001d034571, 2
Zm00001d004897, 3
Zm00001d007124, 16
Zm00001d040500, 3
Zm00001d041604, 12
Zm00001d042779, 5
Zm00001d043117, 3
Zm00001d043153, 12
Zm00001d044546, 15
Zm00001d051739, 4
Zm00001d052562, 3
Zm00001d014710, 11
Zm00001d018571, 3
Zm00001d035440, 7
Zm00001d036736, 3
Zm00001d037170, 14
Zm00001d038311, 15
Zm00001d022613, 12
Zm00001d012273, 7
Zm00001d012719, 14
Zm00001d046564, 5
Zm00001d047519, 10
Zm00001d027461, 6
Zm00001d028372, 13
Zm00001d029064, 6
Zm00001d029711, 7
Zm00001d031723, 2
Zm00001d024160, 3
Zm00001d024285, 14
Zm00001d006127, 3
Zm00001d041142, 13
Zm00001d041831, 4
Zm00001d041920, 3
Zm00001d049135, 3
Zm00001d050669, 13
Zm00001d052725, 5
Zm00001d053967, 13
Zm00001d014795, 3
Zm00001d015118, 13
Zm00001d016732, 3
Zm00001d038296, 13
Zm00001d038574, 14
Zm00001d019166, 3
Zm00001d020938, 5
Zm00001d021189, 3
Zm00001d022442, 5
Zm00001d010667, 3
Zm00001d012294, 3
Zm00001d047967, 14
Zm00001d005884, 14
Zm00001d050018, 3
Zm00001d018178, 4
Zm00001d012296, 3
Zm00001d028936, 4
Zm00001d022542, 3
Zm00001d012553, 9
Zm00001d031790, 3
Zm00001d010638, 5
Zm00001d053988, 2
Zm00001d015153, 11
Zm00001d030617, 12
Zm00001d046718, 3
Zm00001d039383, 13
Zm00001d043420, 14
Zm00001d053442, 13
Zm00001d016154, 14
Zm00001d015421, 3
Zm00001d007042, 3
Zm00001d013074, 2
Zm00001d022550, 12
Zm00001d043992, 2
Zm00001d039065, 3
Zm00001d007172, 4
Zm00001d037317, 15
Zm00001d026398, 3
Zm00001d002143, 13
Zm00001d008225, 3
Zm00001d023507, 3
Zm00001d004857, 2
Zm00001d053162, 3
Zm00001d028371, 12
Zm00001d030858, 4
Zm00001d031759, 13
Zm00001d032496, 3
Zm00001d034145, 3
Zm00001d003392, 7
Zm00001d005323, 14
Zm00001d005788, 14
Zm00001d005871, 13
Zm00001d050551, 14
Zm00001d012968, 3
Zm00001d015525, 5
Zm00001d021386, 12
Zm00001d047968, 13
Zm00001d028139, 3
Zm00001d028537, 13
Zm00001d026684, 13
Zm00001d004497, 14
Zm00001d007339, 2
Zm00001d042933, 4
Zm00001d043243, 3
Zm00001d050730, 3
Zm00001d053006, 15
Zm00001d014345, 14
Zm00001d016793, 3
Zm00001d036297, 14
Zm00001d021842, 5
Zm00001d012605, 3
Zm00001d020683, 12
Zm00001d031992, 13
Zm00001d026113, 12
Zm00001d021403, 13
Zm00001d032922, 15
Zm00001d044261, 10
Zm00001d011223, 14
Zm00001d048590, 11
Zm00001d018605, 13
Zm00001d005566, 13
Zm00001d020037, 12
Zm00001d048404, 7
Zm00001d011139, 13
Zm00001d012092, 12
Zm00001d006682, 6
Zm00001d042202, 8
Zm00001d021932, 7
Zm00001d052883, 12
Zm00001d020923, 11
Zm00001d009030, 12
Zm00001d027677, 7
Zm00001d023788, 14
Zm00001d012119, 13
Zm00001d048400, 3
Zm00001d028361, 13
Zm00001d047976, 13
Zm00001d016911, 3
Zm00001d006344, 8
Zm00001d023299, 13
Zm00001d024703, 9
Zm00001d025450, 11
Zm00001d003616, 3
Zm00001d035455, 9
Zm00001d033610, 5
Zm00001d023636, 2
Zm00001d024534, 3
Zm00001d025060, 12
Zm00001d001933, 3
Zm00001d001952, 5
Zm00001d041702, 4
Zm00001d051838, 6
Zm00001d053682, 5
Zm00001d053841, 14
Zm00001d013497, 7
Zm00001d017595, 10
Zm00001d018360, 5
Zm00001d036796, 6
Zm00001d037769, 3
Zm00001d020242, 13
Zm00001d022427, 4
Zm00001d008323, 3
Zm00001d008326, 13
Zm00001d008356, 12
Zm00001d008812, 3
Zm00001d033553, 14
Zm00001d044481, 3
Zm00001d010956, 7
Zm00001d049223, 8
Zm00001d012049, 3
Zm00001d028007, 4
Zm00001d014286, 4
Zm00001d047209, 13
Zm00001d003958, 13
Zm00001d007107, 3
Zm00001d051047, 3
Zm00001d017939, 15
Zm00001d037327, 14
Zm00001d045661, 14
Zm00001d017176, 4
Zm00001d046925, 3
Zm00001d045735, 3
Zm00001d003162, 14
Zm00001d017885, 3
Zm00001d031009, 13
Zm00001d038660, 6
Zm00001d043378, 12
Zm00001d015990, 14
Zm00001d012688, 11
Zm00001d031008, 2
Zm00001d041444, 3
Zm00001d018930, 14
Zm00001d041445, 13
Zm00001d002806, 14
Zm00001d037735, 6
Zm00001d014765, 4
Zm00001d017412, 14
Zm00001d021278, 3
Zm00001d036214, 3
Zm00001d025957, 12
Zm00001d051018, 3
Zm00001d031278, 3
Zm00001d032578, 15
Zm00001d014198, 3
Zm00001d029512, 3
Zm00001d030727, 10
Zm00001d033093, 10
Zm00001d034651, 12
Zm00001d005100, 12
Zm00001d006463, 12
Zm00001d039482, 3
Zm00001d041549, 10
Zm00001d043402, 8
Zm00001d051577, 14
Zm00001d012963, 12
Zm00001d013724, 14
Zm00001d017575, 11
Zm00001d017788, 13
Zm00001d035651, 4
Zm00001d038693, 13
Zm00001d021591, 13
Zm00001d010740, 14
Zm00001d011058, 13
Zm00001d012703, 5
Zm00001d033325, 16
Zm00001d032999, 3
Zm00001d040362, 3
Zm00001d040455, 5
Zm00001d051439, 11
Zm00001d005970, 2
Zm00001d034163, 11
Zm00001d013200, 4
Zm00001d028625, 14
Zm00001d051700, 15
Zm00001d047802, 14
Zm00001d002642, 11
Zm00001d013845, 3
Zm00001d032741, 13
Zm00001d052288, 14
Zm00001d017986, 14
Zm00001d048412, 13
Zm00001d003755, 6
Zm00001d050664, 12
Zm00001d016737, 13
Zm00001d020939, 6
Zm00001d003451, 3
Zm00001d050861, 4
Zm00001d016924, 3
Zm00001d028974, 3
Zm00001d031445, 7
Zm00001d022530, 7
Zm00001d047563, 3
Zm00001d029940, 3
Zm00001d031673, 3
Zm00001d031728, 6
Zm00001d024324, 3
Zm00001d025477, 5
Zm00001d026563, 4
Zm00001d001907, 3
Zm00001d005203, 5
Zm00001d006170, 5
Zm00001d042588, 12
Zm00001d052167, 4
Zm00001d052365, 4
Zm00001d053195, 5
Zm00001d053859, 8
Zm00001d016535, 2
Zm00001d018158, 7
Zm00001d036536, 7
Zm00001d019216, 4
Zm00001d021205, 5
Zm00001d008546, 8
Zm00001d008665, 5
Zm00001d009103, 5
Zm00001d011499, 3
Zm00001d046501, 15
Zm00001d047339, 5
Zm00001d000339, 6
Zm00001d027369, 16
Zm00001d027870, 16
Zm00001d027929, 3
Zm00001d029884, 14
Zm00001d031861, 2
Zm00001d032295, 3
Zm00001d026447, 10
Zm00001d026486, 3
Zm00001d002079, 12
Zm00001d002620, 14
Zm00001d002744, 7
Zm00001d040651, 4
Zm00001d049889, 3
Zm00001d051239, 5
Zm00001d051355, 6
Zm00001d052152, 13
Zm00001d017366, 3
Zm00001d036298, 3
Zm00001d045120, 14
Zm00001d045204, 3
Zm00001d038001, 6
Zm00001d026191, 5
Zm00001d002762, 6
Zm00001d043491, 4
Zm00001d026271, 3
Zm00001d002364, 3
Zm00001d049364, 3
Zm00001d006169, 4
Zm00001d017592, 3
Zm00001d044004, 3
Zm00001d039324, 12
Zm00001d036003, 3
Zm00001d021207, 4
Zm00001d021208, 5
Zm00001d010048, 4
Zm00001d034920, 5
Zm00001d038585, 4
Zm00001d025409, 5
Zm00001d042717, 13
Zm00001d038320, 3
Zm00001d010175, 2
Zm00001d038584, 4
Zm00001d010676, 4
Zm00001d053707, 8
Zm00001d015639, 4
Zm00001d002761, 3
Zm00001d043205, 3
Zm00001d012585, 10
Zm00001d003871, 14
Zm00001d019734, 4
Zm00001d005798, 4
Zm00001d052087, 8
Zm00001d045044, 3
Zm00001d037941, 5
Zm00001d022461, 7
Zm00001d018081, 4
Zm00001d015759, 11
Zm00001d003302, 11
Zm00001d044646, 14
Zm00001d041923, 13
Zm00001d049493, 11
Zm00001d016772, 7
Zm00001d021545, 12
Zm00001d021617, 14
Zm00001d021799, 13
Zm00001d022142, 13
Zm00001d026485, 12
Zm00001d017164, 13
Zm00001d017165, 13
Zm00001d028472, 14
Zm00001d034813, 7
Zm00001d027492, 13
Zm00001d032190, 12
Zm00001d033310, 13
Zm00001d024532, 12
Zm00001d002439, 14
Zm00001d041960, 4
Zm00001d017563, 13
Zm00001d018698, 6
Zm00001d028984, 13
Zm00001d032384, 2
Zm00001d034160, 6
Zm00001d023402, 4
Zm00001d023411, 4
Zm00001d026106, 4
Zm00001d007962, 4
Zm00001d039637, 13
Zm00001d013202, 2
Zm00001d037015, 13
Zm00001d022526, 13
Zm00001d010280, 12
Zm00001d015407, 12
Zm00001d046947, 15
Zm00001d039260, 13
Zm00001d044785, 14
Zm00001d032249, 12
Zm00001d020384, 11
Zm00001d051527, 10
Zm00001d017702, 10
Zm00001d030911, 13
Zm00001d011785, 3
Zm00001d029020, 11
Zm00001d013187, 13
Zm00001d034751, 4
Zm00001d040775, 2
Zm00001d043969, 12
Zm00001d029896, 13
Zm00001d023539, 5
Zm00001d025988, 13
Zm00001d002790, 13
Zm00001d002811, 4
Zm00001d005005, 3
Zm00001d041883, 7
Zm00001d017409, 12
Zm00001d047081, 13
Zm00001d051981, 4
Zm00001d018421, 13
Zm00001d016361, 14
Zm00001d046354, 14
Zm00001d014656, 2
Zm00001d036494, 3
Zm00001d033706, 4
Zm00001d024905, 13
Zm00001d005865, 3
Zm00001d050599, 8
Zm00001d053298, 12
Zm00001d013451, 4
Zm00001d015965, 12
Zm00001d018198, 4
Zm00001d020688, 4
Zm00001d029287, 3
Zm00001d040254, 13
Zm00001d022266, 8
Zm00001d047421, 3
Zm00001d048199, 6
Zm00001d028603, 8
Zm00001d030744, 3
Zm00001d033834, 8
Zm00001d026050, 9
Zm00001d026158, 9
Zm00001d002573, 8
Zm00001d002718, 10
Zm00001d006744, 14
Zm00001d041536, 5
Zm00001d048600, 4
Zm00001d048602, 5
Zm00001d048603, 5
Zm00001d048604, 5
Zm00001d051387, 12
Zm00001d051461, 6
Zm00001d017129, 15
Zm00001d017513, 11
Zm00001d021826, 14
Zm00001d021998, 14
Zm00001d022116, 4
Zm00001d011070, 15
Zm00001d045507, 14
Zm00001d047813, 4
Zm00001d033680, 13
Zm00001d042472, 4
Zm00001d044065, 11
Zm00001d013465, 4
Zm00001d015815, 14
Zm00001d046783, 13
Zm00001d030500, 6
Zm00001d006551, 4
Zm00001d021946, 3
Zm00001d038225, 5
Zm00001d034664, 4
Zm00001d042907, 6
Zm00001d042127, 5
Zm00001d011881, 14
Zm00001d006701, 3
Zm00001d005029, 5
Zm00001d052380, 13
Zm00001d029607, 13
Zm00001d006721, 13
Zm00001d021973, 12
Zm00001d013346, 3
Zm00001d013555, 12
Zm00001d045533, 4
Zm00001d000238, 5
Zm00001d033876, 5
Zm00001d007465, 13
Zm00001d033396, 12
Zm00001d026240, 12
Zm00001d002429, 3
Zm00001d006348, 4
Zm00001d052112, 8
Zm00001d017742, 3
Zm00001d018260, 13
Zm00001d035965, 4
Zm00001d037117, 12
Zm00001d021362, 3
Zm00001d010758, 12
Zm00001d005584, 3
Zm00001d007675, 14
Zm00001d039002, 14
Zm00001d009562, 5
Zm00001d011560, 5
Zm00001d038812, 14
Zm00001d052133, 13
Zm00001d018225, 12
Zm00001d042212, 13
Zm00001d046405, 14
Zm00001d038811, 13
Zm00001d028304, 15
Zm00001d043231, 3
Zm00001d013699, 11
Zm00001d000247, 13
Zm00001d040090, 13
Zm00001d021236, 10
Zm00001d032316, 4
Zm00001d051749, 14
Zm00001d008869, 12
Zm00001d017422, 3
Zm00001d021268, 3
Zm00001d027852, 13
Zm00001d033005, 14
Zm00001d005951, 9
Zm00001d044081, 13
Zm00001d002754, 13
Zm00001d045398, 13
Zm00001d030532, 14
Zm00001d027991, 12
Zm00001d024701, 12
Zm00001d031745, 12
Zm00001d005875, 4
Zm00001d020670, 10
Zm00001d029934, 3
Zm00001d030069, 13
Zm00001d019477, 15
Zm00001d037140, 13
Zm00001d044973, 13
Zm00001d002234, 13
Zm00001d049443, 12
Zm00001d033246, 12
Zm00001d041489, 11
Zm00001d027317, 12
Zm00001d032681, 12
Zm00001d006298, 14
Zm00001d014858, 13
Zm00001d017555, 13
Zm00001d043946, 13
Zm00001d016082, 13
Zm00001d016456, 4
Zm00001d006306, 14
Zm00001d021433, 13
Zm00001d052749, 13
Zm00001d032239, 13
Zm00001d026348, 12
Zm00001d002241, 12
Zm00001d050368, 15
Zm00001d006034, 3
Zm00001d051861, 5
Zm00001d037425, 11
Zm00001d021968, 14
Zm00001d033987, 4
Zm00001d043536, 3
Zm00001d020704, 7
Zm00001d022295, 12
Zm00001d016674, 6
Zm00001d010812, 3
Zm00001d012749, 5
Zm00001d016520, 3
Zm00001d032923, 5
Zm00001d034433, 4
Zm00001d018941, 2
Zm00001d026094, 3
Zm00001d031736, 3
Zm00001d052738, 3
Zm00001d029270, 13
Zm00001d005843, 14
Zm00001d048041, 7
Zm00001d016255, 3
Zm00001d044259, 2
Zm00001d046204, 4
Zm00001d028269, 6
Zm00001d034886, 3
Zm00001d012823, 3
Zm00001d005888, 3
Zm00001d020714, 3
Zm00001d023316, 13
Zm00001d042560, 12
Zm00001d012180, 12
Zm00001d033335, 5
Zm00001d052317, 13
Zm00001d038013, 13
Zm00001d028721, 3
Zm00001d043036, 11
Zm00001d009823, 13
Zm00001d013625, 11
Zm00001d029506, 5
Zm00001d038717, 5
Zm00001d010751, 5
Zm00001d051891, 6
Zm00001d016585, 4
Zm00001d044463, 11
Zm00001d033262, 4
Zm00001d041474, 3
Zm00001d035195, 14
Zm00001d049525, 13
Zm00001d024777, 13
Zm00001d042315, 14
Zm00001d039913, 3
Zm00001d007891, 4
Zm00001d044899, 13
Zm00001d031268, 2
Zm00001d033074, 15
Zm00001d025128, 15
Zm00001d006046, 6
Zm00001d052800, 3
Zm00001d013667, 2
Zm00001d008886, 14
Zm00001d010322, 3
Zm00001d028217, 14
Zm00001d011748, 13
Zm00001d008882, 7
Zm00001d049692, 2
Zm00001d027425, 13
Zm00001d035487, 10
Zm00001d010974, 7
Zm00001d027230, 14
Zm00001d050234, 12
Zm00001d018065, 15
Zm00001d029242, 5
Zm00001d031533, 8
Zm00001d006629, 12
Zm00001d041537, 10
Zm00001d042436, 12
Zm00001d052081, 7
Zm00001d015585, 9
Zm00001d017130, 3
Zm00001d018066, 15
Zm00001d038158, 9
Zm00001d021376, 13
Zm00001d021513, 8
Zm00001d010329, 11
Zm00001d010340, 11
Zm00001d047442, 15
Zm00001d018756, 14
Zm00001d034207, 13
Zm00001d004126, 12
Zm00001d043837, 13
Zm00001d036551, 13
Zm00001d038930, 8
Zm00001d012404, 5
Zm00001d000361, 5
Zm00001d001837, 2
Zm00001d039893, 3
Zm00001d042830, 13
Zm00001d038270, 13
Zm00001d008602, 3
Zm00001d042287, 13
Zm00001d032694, 8
Zm00001d016952, 14
Zm00001d002843, 3
Zm00001d051269, 12
Zm00001d014989, 15
Zm00001d017383, 3
Zm00001d020457, 14
Zm00001d022227, 7
Zm00001d044975, 6
Zm00001d032024, 3
Zm00001d004744, 14
Zm00001d041853, 13
Zm00001d042665, 3
Zm00001d053060, 14
Zm00001d038338, 14
Zm00001d010201, 7
Zm00001d012255, 6
Zm00001d011645, 5
Zm00001d043131, 5
Zm00001d012544, 3
Zm00001d028930, 8
Zm00001d045560, 15
Zm00001d036768, 6
Zm00001d019712, 5
Zm00001d046632, 5
Zm00001d030737, 13
Zm00001d006922, 13
Zm00001d040426, 8
Zm00001d032206, 15
Zm00001d050400, 14
Zm00001d012379, 6
Zm00001d035605, 13
Zm00001d032194, 11
Zm00001d040423, 13
Zm00001d008251, 10
Zm00001d040621, 13
Zm00001d047671, 5
Zm00001d003064, 6
Zm00001d051788, 14
Zm00001d016000, 14
Zm00001d037836, 14
Zm00001d018776, 12
Zm00001d030678, 13
Zm00001d041576, 13
Zm00001d048623, 14
Zm00001d053124, 6
Zm00001d008695, 4
Zm00001d010907, 14
Zm00001d005300, 7
Zm00001d037334, 3
Zm00001d039306, 14
Zm00001d011614, 15
Zm00001d049079, 12
Zm00001d024644, 3
Zm00001d002545, 6
Zm00001d044194, 6
Zm00001d015487, 6
Zm00001d016784, 9
Zm00001d017505, 12
Zm00001d035113, 13
Zm00001d036356, 12
Zm00001d020947, 4
Zm00001d029875, 3
Zm00001d029963, 4
Zm00001d031454, 15
Zm00001d034945, 5
Zm00001d003496, 12
Zm00001d004033, 10
Zm00001d039492, 3
Zm00001d040464, 15
Zm00001d042756, 3
Zm00001d049581, 5
Zm00001d013265, 14
Zm00001d014863, 3
Zm00001d036632, 3
Zm00001d038288, 3
Zm00001d039185, 14
Zm00001d008229, 14
Zm00001d008808, 4
Zm00001d012285, 3
Zm00001d045581, 2
Zm00001d046974, 2
Zm00001d000184, 2
Zm00001d034033, 12
Zm00001d008800, 12
Zm00001d023931, 13
Zm00001d024894, 6
Zm00001d017782, 14
Zm00001d024547, 15
Zm00001d024784, 15
Zm00001d040527, 14
Zm00001d021296, 13
Zm00001d013694, 5
Zm00001d011252, 4
Zm00001d018258, 5
Zm00001d031898, 7
Zm00001d006106, 13
Zm00001d006616, 2
Zm00001d043877, 4
Zm00001d050960, 13
Zm00001d016950, 14
Zm00001d011589, 4
Zm00001d045600, 13
Zm00001d045617, 3
Zm00001d048456, 13
Zm00001d000112, 5
Zm00001d043094, 6
Zm00001d038227, 12
Zm00001d010227, 11
Zm00001d048059, 13
Zm00001d037315, 13
Zm00001d024543, 8
Zm00001d049540, 3
Zm00001d020972, 6
Zm00001d048493, 12
Zm00001d012527, 5
Zm00001d042580, 13
Zm00001d049687, 15
Zm00001d035076, 15
Zm00001d038207, 15
Zm00001d027530, 3
Zm00001d020982, 3
Zm00001d017084, 8
Zm00001d042288, 4
Zm00001d021423, 13
Zm00001d021424, 12
Zm00001d025483, 12
Zm00001d003583, 13
Zm00001d043921, 13
Zm00001d039506, 13
Zm00001d008817, 14
Zm00001d023669, 3
Zm00001d040318, 5
Zm00001d008308, 6
Zm00001d016814, 13
Zm00001d042609, 3
Zm00001d013003, 3
Zm00001d038221, 3
Zm00001d034601, 3
Zm00001d042246, 3
Zm00001d048044, 3
Zm00001d023294, 5
Zm00001d005208, 4
Zm00001d011969, 4
Zm00001d019207, 6
Zm00001d049136, 13
Zm00001d041791, 13
Zm00001d035266, 14
Zm00001d031463, 12
Zm00001d024268, 4
Zm00001d049913, 7
Zm00001d051879, 3
Zm00001d031655, 14
Zm00001d049860, 3
Zm00001d045463, 14
Zm00001d037029, 9
Zm00001d046126, 10
Zm00001d002828, 12
Zm00001d051294, 9
Zm00001d002934, 3
Zm00001d037356, 4
Zm00001d044726, 5
Zm00001d008648, 14
Zm00001d006835, 15
Zm00001d022109, 16
Zm00001d027874, 12
Zm00001d029505, 5
Zm00001d011915, 13
Zm00001d019865, 13
Zm00001d050242, 2
Zm00001d006813, 3
Zm00001d042968, 9
Zm00001d022099, 3
Zm00001d039581, 13
Zm00001d024230, 8
Zm00001d052838, 3
Zm00001d046967, 15
Zm00001d031310, 6
Zm00001d034872, 13
Zm00001d007436, 6
Zm00001d038557, 3
Zm00001d039250, 4
Zm00001d027510, 3
Zm00001d025757, 2
Zm00001d003176, 2
Zm00001d021442, 13
Zm00001d037786, 13
Zm00001d052781, 5
Zm00001d007240, 14
Zm00001d017241, 3
Zm00001d039907, 10
Zm00001d038907, 14
Zm00001d043782, 11
Zm00001d011639, 15
Zm00001d014698, 12
Zm00001d021056, 12
Zm00001d021573, 14
Zm00001d046906, 14
Zm00001d006091, 11
Zm00001d042319, 13
Zm00001d049165, 3
Zm00001d049824, 9
Zm00001d012015, 8
Zm00001d008176, 7
Zm00001d034730, 14
Zm00001d031487, 9
Zm00001d052905, 8
Zm00001d053775, 5
Zm00001d053890, 6
Zm00001d015233, 5
Zm00001d015410, 4
Zm00001d026175, 13
Zm00001d006451, 13
Zm00001d010309, 2
Zm00001d002005, 11
Zm00001d036692, 14
Zm00001d031451, 13
Zm00001d006028, 12
Zm00001d052890, 14
Zm00001d011843, 4
Zm00001d021285, 9
Zm00001d036426, 7
Zm00001d027752, 15
Zm00001d016298, 12
Zm00001d046223, 12
Zm00001d033898, 13
Zm00001d027802, 13
Zm00001d031182, 5
Zm00001d013547, 4
Zm00001d033379, 12
Zm00001d033861, 13
Zm00001d053749, 15
Zm00001d035439, 12
Zm00001d027431, 14
Zm00001d038355, 7
Zm00001d043423, 13
Zm00001d052256, 12
Zm00001d018806, 13
Zm00001d031725, 9
Zm00001d023565, 9
Zm00001d025033, 6
Zm00001d025896, 14
Zm00001d006165, 7
Zm00001d007868, 13
Zm00001d041866, 10
Zm00001d053020, 12
Zm00001d017350, 11
Zm00001d018045, 13
Zm00001d018530, 14
Zm00001d037221, 13
Zm00001d012725, 13
Zm00001d044836, 13
Zm00001d042305, 6
Zm00001d010730, 13
Zm00001d034353, 12
Zm00001d022256, 14
Zm00001d039371, 12
Zm00001d043368, 13
Zm00001d038683, 13
Zm00001d025982, 4
Zm00001d002782, 2
Zm00001d013588, 13
Zm00001d015412, 6
Zm00001d029974, 3
Zm00001d031266, 4
Zm00001d025275, 2
Zm00001d025720, 3
Zm00001d026245, 8
Zm00001d001894, 12
Zm00001d003549, 10
Zm00001d006331, 4
Zm00001d040682, 6
Zm00001d042271, 2
Zm00001d043902, 3
Zm00001d050583, 4
Zm00001d050698, 4
Zm00001d051316, 17
Zm00001d052798, 13
Zm00001d016755, 10
Zm00001d016876, 8
Zm00001d035457, 5
Zm00001d038994, 3
Zm00001d021389, 6
Zm00001d009160, 6
Zm00001d011571, 4
Zm00001d000045, 3
Zm00001d002801, 16
Zm00001d013849, 15
Zm00001d053718, 14
Zm00001d015605, 14
Zm00001d047589, 14
Zm00001d054080, 9
Zm00001d014938, 13
Zm00001d042917, 15
Zm00001d032453, 14
Zm00001d041158, 4
Zm00001d043500, 4
Zm00001d038704, 2
Zm00001d012734, 3
Zm00001d036148, 13
Zm00001d022524, 8
Zm00001d043076, 3
Zm00001d012516, 3
Zm00001d004889, 12
Zm00001d028986, 6
Zm00001d047559, 5
Zm00001d026453, 13
Zm00001d043937, 6
Zm00001d023332, 5
Zm00001d024275, 13
Zm00001d043060, 3
Zm00001d050023, 11
Zm00001d017444, 13
Zm00001d018203, 13
Zm00001d012505, 3
Zm00001d002794, 12
Zm00001d051328, 13
Zm00001d033291, 13
Zm00001d013709, 5
Zm00001d024323, 14
Zm00001d004086, 3
Zm00001d039584, 4
Zm00001d051550, 11
Zm00001d017712, 14
Zm00001d015515, 6
Zm00001d036726, 13
Zm00001d025669, 12
Zm00001d003331, 13
Zm00001d006001, 5
Zm00001d052847, 5
Zm00001d020881, 7
Zm00001d006702, 12
Zm00001d021947, 14
Zm00001d030969, 5
Zm00001d033965, 10
Zm00001d013307, 9
Zm00001d016052, 5
Zm00001d037054, 3
Zm00001d044162, 6
Zm00001d041740, 9
Zm00001d035323, 5
Zm00001d038451, 3
Zm00001d010399, 14
Zm00001d034888, 13
Zm00001d047309, 6
Zm00001d020492, 7
Zm00001d028962, 5
Zm00001d041958, 15
Zm00001d011133, 3
Zm00001d020136, 4
Zm00001d052357, 3
Zm00001d034073, 3
Zm00001d043474, 6
Zm00001d013661, 13
Zm00001d013662, 13
Zm00001d017391, 11
Zm00001d031109, 13
Zm00001d025944, 12
Zm00001d028216, 12
Zm00001d048083, 13
Zm00001d018829, 13
Zm00001d032502, 13
Zm00001d002829, 12
Zm00001d041277, 13
Zm00001d032177, 13
Zm00001d023289, 15
Zm00001d017784, 12
Zm00001d039116, 4
Zm00001d020774, 11
Zm00001d009674, 7
Zm00001d005931, 8
Zm00001d013409, 13
Zm00001d051573, 13
Zm00001d003645, 3
Zm00001d041780, 13
Zm00001d049000, 13
Zm00001d032175, 13
Zm00001d005757, 10
Zm00001d020460, 7
Zm00001d044662, 14
Zm00001d020459, 14
Zm00001d050443, 3
